id,first_name,last_name;;;
1,Scott,Greene;;;
2,Elizabeth,Fields;;;
3,Anna,Johnston;;;
4,Christina,Medina;;;
5,Diana,Anderson;;;
6,Amanda,Boyd;;;
7,Antonio,Ford;;;
8,Ralph,Richards;;;
9,Douglas,Schmidt;;;
10,Donna,Burke;;;
11,Amy,Elliott;;;
12,Carlos,Nguyen;;;
13,Alice,Lee;;;
14,Judy,Ward;;;
15,William,Cole;;;
16,Adam,Stewart;;;
17,Christina,Frazier;;;
18,Dennis,Ryan;;;
19,Julie,Cole;;;
20,Karen,Gardner;;;
21,Marie,Frazier;;;
22,Janice,Jacobs;;;
23,Mildred,James;;;
24,Larry,Reed;;;
25,Jesse,Chapman;;;
26,Alice,Wallace;;;
27,Clarence,Rose;;;
28,Chris,Evans;;;
29,Katherine,Ellis;;;
30,Anne,Mason;;;
31,Earl,Dixon;;;
32,Martha,Jackson;;;
33,Bruce,Wilson;;;
34,Jean,Sanchez;;;
35,Dorothy,Evans;;;
36,Wanda,Ward;;;
37,Susan,Knight;;;
38,Sarah,Nichols;;;
39,Scott,Castillo;;;
40,Frank,Thompson;;;
41,Lisa,Bennett;;;
42,Wayne,Burns;;;
43,Julie,Grant;;;
44,Paul,Stewart;;;
45,Robert,Hart;;;
46,Joseph,Garcia;;;
47,Carolyn,Jordan;;;
48,Dorothy,Ortiz;;;
49,Barbara,Garza;;;
50,Samuel,Tucker;;;
51,Shirley,Fowler;;;
52,Douglas,Collins;;;
53,George,Gibson;;;
54,Theresa,Medina;;;
55,Jacqueline,Myers;;;
56,Doris,Pierce;;;
57,Antonio,Andrews;;;
58,Lois,Austin;;;
59,Nicole,Stewart;;;
60,Gregory,Welch;;;
61,Chris,Ferguson;;;
62,Roy,White;;;
63,Phillip,Turner;;;
64,Kathy,Myers;;;
65,Amanda,Mason;;;
66,Tammy,Morales;;;
67,Mildred,Hill;;;
68,Denise,Hansen;;;
69,Shirley,Reid;;;
70,Joshua,Graham;;;
71,Louise,Ruiz;;;
72,Rebecca,Porter;;;
73,Joseph,Lee;;;
74,Jonathan,Fernandez;;;
75,Susan,Coleman;;;
76,Patricia,Alvarez;;;
77,Jack,Simmons;;;
78,Ralph,Watkins;;;
79,Frances,Hawkins;;;
80,Deborah,Mitchell;;;
81,Brenda,Carter;;;
82,Albert,Greene;;;
83,Judith,Harper;;;
84,Shirley,Powell;;;
85,Teresa,George;;;
86,Frank,Ramos;;;
87,Jacqueline,Woods;;;
88,Gerald,Tucker;;;
89,Joan,Lopez;;;
90,Judith,Moore;;;
91,Patricia,Jenkins;;;
92,Albert,Mcdonald;;;
93,Julie,Burns;;;
94,Phyllis,Fowler;;;
95,Rachel,Dean;;;
96,Johnny,Boyd;;;
97,Jane,Lopez;;;
98,Jean,Henry;;;
99,Mark,Jones;;;
100,Frank,Perry;;;
101,Michelle,Parker;;;
102,Laura,Robertson;;;
103,Larry,Foster;;;
104,Jesse,Bailey;;;
105,Lawrence,Griffin;;;
106,Ralph,Williamson;;;
107,Andrea,Jenkins;;;
108,Jonathan,Sanchez;;;
109,Louise,Montgomery;;;
110,Justin,Morales;;;
111,Kathy,Wood;;;
112,Sara,Ellis;;;
113,Gerald,Austin;;;
114,Donald,Marshall;;;
115,Kelly,Taylor;;;
116,Helen,Green;;;
117,Christopher,Williamson;;;
118,Jimmy,Williams;;;
119,Sean,Simmons;;;
120,Susan,Murray;;;
121,Judy,Freeman;;;
122,Evelyn,Lopez;;;
123,John,Clark;;;
124,Kimberly,Mendoza;;;
125,Sarah,Dunn;;;
126,Henry,West;;;
127,Bruce,Gray;;;
128,Susan,Wallace;;;
129,Earl,Armstrong;;;
130,Roy,Hall;;;
131,Irene,Burke;;;
132,Richard,Henry;;;
133,Samuel,Reed;;;
134,Stephen,Reid;;;
135,Diana,Duncan;;;
136,Johnny,Diaz;;;
137,Sara,Garcia;;;
138,Judy,Ferguson;;;
139,Elizabeth,Jordan;;;
140,Ryan,Shaw;;;
141,Deborah,Riley;;;
142,Larry,Henderson;;;
143,Elizabeth,Robertson;;;
144,Eric,Baker;;;
145,Julia,Alexander;;;
146,Wanda,Pierce;;;
147,Raymond,Owens;;;
148,Joan,Harvey;;;
149,Walter,Thomas;;;
150,Joan,Howell;;;
151,John,Rogers;;;
152,Melissa,Grant;;;
153,Fred,Butler;;;
154,Stephanie,Fields;;;
155,Andrew,Kennedy;;;
156,Irene,Miller;;;
157,Donna,Chavez;;;
158,Margaret,Knight;;;
159,Teresa,Porter;;;
160,Joan,Sanders;;;
161,Ralph,Reyes;;;
162,Eric,Hunter;;;
163,Diane,Hicks;;;
164,Lisa,Sullivan;;;
165,Eric,Kennedy;;;
166,Larry,Thompson;;;
167,Eugene,Baker;;;
168,Shirley,Smith;;;
169,Diana,Cruz;;;
170,Judith,Stone;;;
171,Shawn,Perry;;;
172,Peter,Harrison;;;
173,Justin,Hicks;;;
174,Kelly,Greene;;;
175,James,Hart;;;
176,Jason,Castillo;;;
177,James,Jones;;;
178,Tammy,Chapman;;;
179,Teresa,Owens;;;
180,Albert,Williamson;;;
181,Judith,Dunn;;;
182,Ernest,Mills;;;
183,Christopher,James;;;
184,Julia,Jacobs;;;
185,Bobby,Mason;;;
186,Roger,Brown;;;
187,Jessica,Banks;;;
188,Patricia,Jordan;;;
189,Paul,Reyes;;;
190,Steve,Ford;;;
191,Matthew,Black;;;
192,Tina,Day;;;
193,Catherine,Cox;;;
194,Lawrence,Thomas;;;
195,Melissa,Warren;;;
196,Lisa,Olson;;;
197,Shawn,Hansen;;;
198,Lois,Moreno;;;
199,Marilyn,Andrews;;;
200,Shirley,Reynolds;;;
201,Jose,Burke;;;
202,Henry,Gonzales;;;
203,Joyce,Garza;;;
204,Wanda,Foster;;;
205,Billy,Matthews;;;
206,Barbara,Ward;;;
207,Ann,Jacobs;;;
208,William,Bowman;;;
209,Ronald,Harris;;;
210,Richard,Garrett;;;
211,Martha,Graham;;;
212,Scott,Wright;;;
213,Jane,Arnold;;;
214,Timothy,Hudson;;;
215,Daniel,Bowman;;;
216,Mary,Rodriguez;;;
217,Robert,Sanders;;;
218,Denise,Chavez;;;
219,Kathleen,Wilson;;;
220,Harry,West;;;
221,Robin,Patterson;;;
222,Jerry,Morrison;;;
223,Janet,Ward;;;
224,Craig,Vasquez;;;
225,Dorothy,Morrison;;;
226,Michelle,Bell;;;
227,Carl,George;;;
228,Keith,Reid;;;
229,Timothy,Willis;;;
230,Sarah,Lee;;;
231,Phillip,White;;;
232,Frank,Armstrong;;;
233,Christine,Woods;;;
234,Victor,Morrison;;;
235,Jonathan,Fox;;;
236,Charles,Hill;;;
237,Arthur,Lewis;;;
238,Martha,Patterson;;;
239,Julia,Day;;;
240,Diana,Young;;;
241,Michael,Hunter;;;
242,Randy,Porter;;;
243,Angela,Warren;;;
244,Amy,Oliver;;;
245,Mildred,Perez;;;
246,Ronald,Chapman;;;
247,Donald,Watkins;;;
248,Dennis,Banks;;;
249,Teresa,White;;;
250,Gerald,Stephens;;;
251,Bobby,Arnold;;;
252,Phillip,Wheeler;;;
253,Gregory,Smith;;;
254,Michael,Cruz;;;
255,Jason,Murray;;;
256,Heather,Willis;;;
257,Gloria,Carr;;;
258,Dennis,Crawford;;;
259,Denise,Hunter;;;
260,Steven,Allen;;;
261,Melissa,Harris;;;
262,Debra,Wells;;;
263,William,Ford;;;
264,Jesse,Rogers;;;
265,Brenda,White;;;
266,Juan,George;;;
267,Arthur,Rivera;;;
268,Amy,Payne;;;
269,Cheryl,Howard;;;
270,Todd,Rose;;;
271,Alan,Roberts;;;
272,Maria,Olson;;;
273,Diana,Garza;;;
274,Marie,Torres;;;
275,Rachel,Wallace;;;
276,Jennifer,Jackson;;;
277,Doris,Jordan;;;
278,Jessica,Gonzales;;;
279,Walter,Payne;;;
280,Virginia,Burns;;;
281,Paula,Fisher;;;
282,Steve,Peterson;;;
283,Laura,Walker;;;
284,Ashley,Watkins;;;
285,Janet,Bradley;;;
286,Diana,Scott;;;
287,Christine,Hicks;;;
288,Louise,Day;;;
289,Wayne,Watkins;;;
290,Angela,King;;;
291,Gerald,Hamilton;;;
292,Beverly,Nelson;;;
293,Marilyn,Morales;;;
294,Frances,Garza;;;
295,Jeffrey,Grant;;;
296,Paul,Cole;;;
297,Sandra,Taylor;;;
298,Stephanie,Riley;;;
299,Bonnie,Coleman;;;
300,Ronald,Lawson;;;
301,Daniel,Johnson;;;
302,Jack,Tucker;;;
303,Denise,Kennedy;;;
304,Patricia,Peters;;;
305,Fred,Bishop;;;
306,Jimmy,Snyder;;;
307,Carlos,Hicks;;;
308,Martha,Lynch;;;
309,Ernest,Thompson;;;
310,Wanda,Mitchell;;;
311,Bruce,Duncan;;;
312,Joyce,Carroll;;;
313,Lillian,Reynolds;;;
314,Ronald,White;;;
315,Martha,Garrett;;;
316,Judy,Lawson;;;
317,Betty,Ford;;;
318,Louis,Johnson;;;
319,Roger,Ray;;;
320,Victor,Garrett;;;
321,Douglas,Ford;;;
322,Cheryl,Ray;;;
323,Christopher,Fernandez;;;
324,Lois,Carter;;;
325,Roy,Sanchez;;;
326,Johnny,Spencer;;;
327,Julie,Nichols;;;
328,Brenda,Miller;;;
329,Steve,Bowman;;;
330,Joe,Edwards;;;
331,Walter,Carr;;;
332,Cynthia,Hamilton;;;
333,Kathryn,Lawson;;;
334,Emily,Stewart;;;
335,Shirley,Owens;;;
336,Catherine,Murray;;;
337,Judy,Rogers;;;
338,Robert,Bennett;;;
339,Charles,Hernandez;;;
340,Phillip,Carter;;;
341,Julie,Weaver;;;
342,Kathy,Nelson;;;
343,Benjamin,Ward;;;
344,Margaret,Stewart;;;
345,Keith,Morales;;;
346,Jason,Pierce;;;
347,Jimmy,Robertson;;;
348,George,Reynolds;;;
349,Gary,Ford;;;
350,Frank,Nichols;;;
351,Paul,Hill;;;
352,Jonathan,Stanley;;;
353,Timothy,Nichols;;;
354,Earl,Perry;;;
355,Arthur,Warren;;;
356,Christopher,Howard;;;
357,Ann,Cole;;;
358,Emily,West;;;
359,Wayne,Phillips;;;
360,Stephanie,Berry;;;
361,Ruth,Wood;;;
362,Julia,Rose;;;
363,Christopher,Wheeler;;;
364,Sarah,Black;;;
365,Marie,Rose;;;
366,Alan,Howell;;;
367,Matthew,Brown;;;
368,Margaret,Allen;;;
369,Aaron,Dixon;;;
370,Lori,Johnson;;;
371,Julia,Kennedy;;;
372,Jeremy,Coleman;;;
373,Earl,Hicks;;;
374,Jacqueline,Flores;;;
375,Philip,Bradley;;;
376,Rose,Reyes;;;
377,Ruby,Gilbert;;;
378,Scott,Gilbert;;;
379,Diana,Smith;;;
380,Evelyn,Ellis;;;
381,Susan,Ortiz;;;
382,Harry,Carroll;;;
383,Diana,Fowler;;;
384,Cynthia,Wright;;;
385,Patrick,Hughes;;;
386,Harry,Richards;;;
387,Laura,Taylor;;;
388,Michael,Wood;;;
389,Russell,Peterson;;;
390,Gerald,Powell;;;
391,Jerry,Cole;;;
392,Peter,Johnston;;;
393,Phillip,Knight;;;
394,Mildred,Medina;;;
395,Donna,Hayes;;;
396,Andrew,Sullivan;;;
397,Bonnie,Gardner;;;
398,Jack,Bowman;;;
399,Sharon,Harvey;;;
400,Aaron,Alvarez;;;
401,Cheryl,Holmes;;;
402,Lawrence,Marshall;;;
403,Scott,Hudson;;;
404,Roy,Hanson;;;
405,Andrea,Hayes;;;
406,Louis,Gilbert;;;
407,Christine,Hudson;;;
408,Fred,Jenkins;;;
409,Carolyn,Ward;;;
410,Emily,Cruz;;;
411,Julia,Perkins;;;
412,Steven,Evans;;;
413,Teresa,Lopez;;;
414,Janet,Gibson;;;
415,Aaron,Edwards;;;
416,Adam,Olson;;;
417,Kathleen,Knight;;;
418,Julie,Medina;;;
419,Wayne,Gibson;;;
420,Phyllis,Schmidt;;;
421,Frances,Evans;;;
422,Jason,Little;;;
423,Cheryl,Snyder;;;
424,Diane,Castillo;;;
425,Irene,Duncan;;;
426,Lois,Morales;;;
427,Maria,Ward;;;
428,Susan,Reed;;;
429,Samuel,Hicks;;;
430,Elizabeth,Oliver;;;
431,Lillian,Long;;;
432,Linda,Hawkins;;;
433,Norma,Gardner;;;
434,Roy,Bradley;;;
435,Joshua,Wallace;;;
436,Susan,Bell;;;
437,Jean,Ortiz;;;
438,Richard,Spencer;;;
439,Stephanie,Coleman;;;
440,Eric,Wells;;;
441,Kelly,Price;;;
442,Marie,Adams;;;
443,Clarence,Ross;;;
444,Annie,Richardson;;;
445,Albert,Hughes;;;
446,Debra,Cruz;;;
447,Dorothy,Freeman;;;
448,Joyce,George;;;
449,Maria,Henderson;;;
450,Carol,Lewis;;;
451,Jack,Mitchell;;;
452,Matthew,Robinson;;;
453,Marilyn,Day;;;
454,Wanda,Long;;;
455,Emily,Hanson;;;
456,Mary,Reed;;;
457,Janice,Oliver;;;
458,Martin,Willis;;;
459,Julia,Oliver;;;
460,Sara,Medina;;;
461,Laura,Moreno;;;
462,Philip,Simpson;;;
463,Doris,Hill;;;
464,Julia,Gonzalez;;;
465,Antonio,Garrett;;;
466,Lillian,Richards;;;
467,Frank,Hayes;;;
468,Henry,White;;;
469,Jacqueline,Holmes;;;
470,Jose,Perkins;;;
471,Carl,Young;;;
472,Lori,Diaz;;;
473,Samuel,Morales;;;
474,Phillip,Gardner;;;
475,Richard,Moreno;;;
476,Arthur,Johnston;;;
477,Christopher,Carpenter;;;
478,Joyce,Hawkins;;;
479,Ralph,Berry;;;
480,Tina,Chavez;;;
481,Lawrence,Shaw;;;
482,Susan,Kelley;;;
483,Eric,Cruz;;;
484,Dennis,Wilson;;;
485,Rose,Black;;;
486,Arthur,Snyder;;;
487,Lawrence,Gonzales;;;
488,Lisa,Mason;;;
489,Frances,Hamilton;;;
490,Joe,Perry;;;
491,Steve,Richards;;;
492,Jesse,Ortiz;;;
493,Robert,Ross;;;
494,Eric,Daniels;;;
495,Jimmy,Reyes;;;
496,Lois,Ruiz;;;
497,Timothy,Gonzalez;;;
498,Janet,Fuller;;;
499,Walter,Barnes;;;
500,Juan,Lawson;;;
501,Philip,Phillips;;;
502,Justin,Patterson;;;
503,Harold,Wagner;;;
504,Elizabeth,Rogers;;;
505,Joshua,Schmidt;;;
506,Jack,Morrison;;;
507,Jacqueline,Austin;;;
508,Pamela,Ross;;;
509,Albert,Thompson;;;
510,Anne,Collins;;;
511,Benjamin,Miller;;;
512,Christopher,Tucker;;;
513,Ruth,Ellis;;;
514,Pamela,Schmidt;;;
515,Kathy,Foster;;;
516,Justin,Mccoy;;;
517,Adam,Welch;;;
518,Jack,Murray;;;
519,Joan,Vasquez;;;
520,Raymond,Stephens;;;
521,Laura,Armstrong;;;
522,Kimberly,Allen;;;
523,Katherine,Bowman;;;
524,Larry,Medina;;;
525,Charles,Willis;;;
526,Jacqueline,Coleman;;;
527,Laura,Turner;;;
528,Laura,Martin;;;
529,Harry,Freeman;;;
530,Brandon,Lee;;;
531,Albert,Howard;;;
532,Stephanie,Nelson;;;
533,Phyllis,Graham;;;
534,Russell,Olson;;;
535,Harry,Davis;;;
536,Edward,Kim;;;
537,Andrea,Murray;;;
538,Andrew,Martinez;;;
539,Shirley,Powell;;;
540,Nicole,Butler;;;
541,Catherine,Schmidt;;;
542,Jesse,Kennedy;;;
543,Carl,Anderson;;;
544,Beverly,Hawkins;;;
545,Randy,Nelson;;;
546,Fred,Wood;;;
547,John,Harper;;;
548,Albert,Patterson;;;
549,Terry,Coleman;;;
550,Brenda,Dean;;;
551,Mary,Gibson;;;
552,Beverly,Howard;;;
553,Steven,Shaw;;;
554,Russell,Bradley;;;
555,Heather,Wells;;;
556,Philip,Ray;;;
557,George,Hanson;;;
558,Diane,Rodriguez;;;
559,Mark,Frazier;;;
560,Walter,Woods;;;
561,Irene,Day;;;
562,Harry,Patterson;;;
563,Jane,Ortiz;;;
564,Benjamin,Henderson;;;
565,Alice,Myers;;;
566,Katherine,Schmidt;;;
567,Christopher,Fowler;;;
568,Phillip,Riley;;;
569,Katherine,West;;;
570,Jane,Marshall;;;
571,Larry,Mills;;;
572,Angela,Mcdonald;;;
573,Roy,Wells;;;
574,Ann,Robinson;;;
575,Nancy,Lawrence;;;
576,Mary,Johnson;;;
577,Henry,Richards;;;
578,Patricia,Sanchez;;;
579,Harold,Shaw;;;
580,Joseph,Cruz;;;
581,Robert,Chapman;;;
582,Kimberly,Little;;;
583,Janice,Sullivan;;;
584,Andrew,Morales;;;
585,Annie,Baker;;;
586,Justin,Gilbert;;;
587,Nicholas,Morgan;;;
588,Scott,Harris;;;
589,Kathleen,Sims;;;
590,Paul,Stanley;;;
591,Jose,Rivera;;;
592,Wanda,Mendoza;;;
593,Kelly,Cooper;;;
594,Clarence,Jackson;;;
595,Melissa,Hayes;;;
596,Sharon,Griffin;;;
597,Janet,Mitchell;;;
598,Roger,Rose;;;
599,Lawrence,Cruz;;;
600,Jimmy,Daniels;;;
601,Joshua,Knight;;;
602,Amy,Williamson;;;
603,Karen,Day;;;
604,Julie,Hayes;;;
605,Paula,Carroll;;;
606,Bobby,Arnold;;;
607,Sara,Rose;;;
608,Robin,Mcdonald;;;
609,Bruce,Mendoza;;;
610,Linda,Evans;;;
611,Jason,Freeman;;;
612,Ralph,Porter;;;
613,Ann,Chapman;;;
614,Steven,Sims;;;
615,Jimmy,Bennett;;;
616,Dorothy,Stanley;;;
617,Tammy,Murphy;;;
618,Frances,George;;;
619,Bonnie,Fisher;;;
620,Todd,Peterson;;;
621,Marilyn,Grant;;;
622,Robert,Owens;;;
623,David,Freeman;;;
624,Jeffrey,Ryan;;;
625,Ronald,Reynolds;;;
626,Robert,Harris;;;
627,Fred,Armstrong;;;
628,Sandra,Burton;;;
629,Ruby,Gonzales;;;
630,Jennifer,Kelley;;;
631,Jennifer,Fisher;;;
632,Richard,Wagner;;;
633,Ruth,Porter;;;
634,Howard,Meyer;;;
635,Daniel,Hawkins;;;
636,David,Fuller;;;
637,Roger,Ellis;;;
638,Melissa,Johnston;;;
639,Gloria,Phillips;;;
640,Angela,Reed;;;
641,Patricia,Simmons;;;
642,Shirley,Jackson;;;
643,Louis,Meyer;;;
644,Robert,Ward;;;
645,Earl,Gilbert;;;
646,Raymond,Harvey;;;
647,Tammy,Garrett;;;
648,Roy,Lawrence;;;
649,Clarence,Mcdonald;;;
650,Carl,Hernandez;;;
651,Billy,George;;;
652,Lillian,Lane;;;
653,Kathryn,Brooks;;;
654,Deborah,Hart;;;
655,Gloria,Burke;;;
656,Bonnie,Owens;;;
657,Sean,Duncan;;;
658,Mildred,Mcdonald;;;
659,Donald,Franklin;;;
660,James,Webb;;;
661,Pamela,Andrews;;;
662,Ronald,Oliver;;;
663,Diana,Martin;;;
664,Sarah,Franklin;;;
665,Kathy,Morrison;;;
666,Benjamin,Brown;;;
667,Lillian,Simpson;;;
668,Jennifer,Bishop;;;
669,Kathy,Simmons;;;
670,Douglas,Turner;;;
671,Heather,Crawford;;;
672,Victor,Fox;;;
673,Doris,Ford;;;
674,Richard,Kelley;;;
675,Katherine,Freeman;;;
676,Peter,Fox;;;
677,Roger,Henderson;;;
678,Harold,Cooper;;;
679,Judy,Robinson;;;
680,Shawn,Hunt;;;
681,Anna,Ferguson;;;
682,Roy,Armstrong;;;
683,George,Garza;;;
684,Edward,Stephens;;;
685,Susan,Sullivan;;;
686,John,Mason;;;
687,Kathryn,Cook;;;
688,Jonathan,Lane;;;
689,Jesse,Sullivan;;;
690,Joyce,Austin;;;
691,Jean,Daniels;;;
692,Susan,Wright;;;
693,Michelle,Dixon;;;
694,Wayne,Watson;;;
695,Jesse,Freeman;;;
696,Frances,Rivera;;;
697,Phillip,Owens;;;
698,Maria,Baker;;;
699,Charles,Sanchez;;;
700,Donna,Kelly;;;
701,Debra,Carr;;;
702,Paul,Robinson;;;
703,Terry,Bishop;;;
704,Brenda,Adams;;;
705,Ashley,Wheeler;;;
706,Carl,Jackson;;;
707,Janet,Banks;;;
708,Craig,Kelley;;;
709,Donna,Medina;;;
710,Jeffrey,Simpson;;;
711,Shirley,Rogers;;;
712,Carl,Stevens;;;
713,Rachel,Freeman;;;
714,Ronald,Schmidt;;;
715,Carolyn,Hawkins;;;
716,James,Frazier;;;
717,Keith,Schmidt;;;
718,Stephanie,Johnson;;;
719,Carolyn,Mccoy;;;
720,Diane,Alvarez;;;
721,Diane,Collins;;;
722,Ruby,Morales;;;
723,John,Crawford;;;
724,Fred,Bennett;;;
725,Debra,Richards;;;
726,Mark,Baker;;;
727,Donald,Oliver;;;
728,Russell,Banks;;;
729,Evelyn,Robertson;;;
730,Jacqueline,Ellis;;;
731,Joan,Hamilton;;;
732,Albert,Webb;;;
733,Donald,Scott;;;
734,Jack,Stanley;;;
735,Raymond,Carr;;;
736,Gloria,Matthews;;;
737,Timothy,Reynolds;;;
738,Thomas,Frazier;;;
739,Samuel,Flores;;;
740,Albert,Ramirez;;;
741,Edward,Jones;;;
742,Brenda,Daniels;;;
743,Helen,Bowman;;;
744,Martin,Kim;;;
745,Ryan,Dean;;;
746,Cheryl,Ward;;;
747,Jennifer,Chapman;;;
748,Patricia,Grant;;;
749,Bruce,Armstrong;;;
750,Heather,Spencer;;;
751,Joshua,Gray;;;
752,Daniel,Ryan;;;
753,Jessica,Rivera;;;
754,Angela,Palmer;;;
755,Craig,Harvey;;;
756,Linda,Morales;;;
757,Tammy,Little;;;
758,Brenda,Lynch;;;
759,Carol,Matthews;;;
760,Victor,Nguyen;;;
761,Russell,Nelson;;;
762,Aaron,Smith;;;
763,Steven,Lane;;;
764,Jason,Russell;;;
765,Anthony,Coleman;;;
766,Betty,Kennedy;;;
767,Janet,Little;;;
768,Ruby,Marshall;;;
769,Lisa,Murphy;;;
770,Charles,Stone;;;
771,Diana,King;;;
772,Michael,Montgomery;;;
773,Jesse,Reid;;;
774,Elizabeth,Wells;;;
775,Roy,Webb;;;
776,Sean,Parker;;;
777,Shawn,Pierce;;;
778,Carolyn,Butler;;;
779,Lori,Fox;;;
780,Wanda,Mills;;;
781,Gary,Little;;;
782,Andrew,Cunningham;;;
783,Michael,Bryant;;;
784,Anthony,Romero;;;
785,Pamela,Olson;;;
786,Roger,Coleman;;;
787,Jacqueline,Lewis;;;
788,Sarah,Carr;;;
789,Antonio,Meyer;;;
790,Sean,Boyd;;;
791,Harold,Morgan;;;
792,Anne,King;;;
793,Theresa,Wood;;;
794,Catherine,Nguyen;;;
795,Sarah,Little;;;
796,Roy,Harris;;;
797,Elizabeth,Stevens;;;
798,Victor,Porter;;;
799,Rebecca,Porter;;;
800,Lisa,Ramos;;;
801,Cynthia,Hicks;;;
802,Katherine,Ward;;;
803,Paula,Riley;;;
804,Terry,Burton;;;
805,Juan,Thomas;;;
806,Lori,Jacobs;;;
807,Henry,Jenkins;;;
808,Steve,Howard;;;
809,Jack,Ferguson;;;
810,Stephanie,Black;;;
811,Janet,Clark;;;
812,Janice,Washington;;;
813,Bobby,Garrett;;;
814,Cynthia,Torres;;;
815,Kathy,Payne;;;
816,Peter,Howell;;;
817,Robin,Holmes;;;
818,Wanda,Nelson;;;
819,Roy,Barnes;;;
820,Douglas,Hughes;;;
821,Joshua,Martin;;;
822,Alice,Ward;;;
823,Karen,Powell;;;
824,Donald,Willis;;;
825,Angela,White;;;
826,Lawrence,Edwards;;;
827,Aaron,Daniels;;;
828,Judith,Little;;;
829,Angela,Bishop;;;
830,Michael,Peterson;;;
831,Cynthia,Garcia;;;
832,Shirley,Matthews;;;
833,Norma,Howard;;;
834,Joseph,Ramirez;;;
835,Raymond,Smith;;;
836,Margaret,Wallace;;;
837,Heather,Hernandez;;;
838,Stephen,Hunt;;;
839,Charles,Gonzalez;;;
840,Bruce,Davis;;;
841,Teresa,Hart;;;
842,Arthur,Wheeler;;;
843,Andrew,Fisher;;;
844,Jacqueline,Martin;;;
845,Kathleen,Mason;;;
846,Carlos,Wheeler;;;
847,Keith,Lawson;;;
848,Harry,Thompson;;;
849,Teresa,Gordon;;;
850,Jeffrey,Fuller;;;
851,Janice,Evans;;;
852,Joan,Willis;;;
853,Theresa,Porter;;;
854,Aaron,Moore;;;
855,Beverly,West;;;
856,Robin,Nichols;;;
857,Kenneth,Sims;;;
858,Janice,Vasquez;;;
859,Brandon,Andrews;;;
860,Randy,Vasquez;;;
861,Nancy,Turner;;;
862,Jonathan,Kelly;;;
863,Kathleen,Cole;;;
864,Steven,Burns;;;
865,Lois,Holmes;;;
866,Dennis,Andrews;;;
867,Evelyn,Morris;;;
868,Alice,Banks;;;
869,Timothy,Garrett;;;
870,Patricia,Mitchell;;;
871,Donald,Pierce;;;
872,Shawn,Ross;;;
873,William,Watkins;;;
874,Theresa,Peters;;;
875,Amy,Snyder;;;
876,Alice,Howard;;;
877,Edward,Sullivan;;;
878,Janice,Fuller;;;
879,Andrew,Ward;;;
880,Mildred,Bailey;;;
881,Brian,Harris;;;
882,Jason,Hanson;;;
883,Phyllis,Boyd;;;
884,Helen,Stone;;;
885,Ann,Sanchez;;;
886,Lillian,Payne;;;
887,Elizabeth,Gutierrez;;;
888,Phyllis,James;;;
889,Marie,Freeman;;;
890,Roy,Edwards;;;
891,Gary,Fox;;;
892,Marie,Stone;;;
893,James,Hall;;;
894,Samuel,Moreno;;;
895,Mildred,Hughes;;;
896,Benjamin,Kelly;;;
897,Kathryn,Ray;;;
898,Gary,Perkins;;;
899,Terry,Smith;;;
900,Rachel,Jenkins;;;
901,Amanda,Burke;;;
902,Nicholas,Graham;;;
903,Shirley,Greene;;;
904,Kelly,Harris;;;
905,Julia,Perry;;;
906,Anne,Porter;;;
907,Shirley,Howell;;;
908,Carolyn,Kelly;;;
909,Catherine,Price;;;
910,Johnny,Holmes;;;
911,Patricia,Grant;;;
912,Beverly,Griffin;;;
913,Christopher,Alexander;;;
914,Stephen,Morales;;;
915,Rose,Myers;;;
916,Rose,Montgomery;;;
917,Deborah,Elliott;;;
918,Johnny,Kelley;;;
919,Kimberly,Young;;;
920,Michelle,Crawford;;;
921,Todd,Hawkins;;;
922,Randy,Stephens;;;
923,Alan,Hanson;;;
924,Frank,Lewis;;;
925,Phyllis,Matthews;;;
926,Craig,Garrett;;;
927,Phyllis,Mills;;;
928,Judy,Hughes;;;
929,Frank,Bishop;;;
930,Douglas,Powell;;;
931,Gloria,Oliver;;;
932,Christine,Long;;;
933,Eugene,Ramos;;;
934,Antonio,Thomas;;;
935,Debra,Tucker;;;
936,Katherine,Vasquez;;;
937,Adam,Lawson;;;
938,Lois,Reid;;;
939,Nancy,Murphy;;;
940,Diane,Hicks;;;
941,Anne,Bishop;;;
942,Ernest,Williamson;;;
943,Ronald,Kim;;;
944,Cheryl,Schmidt;;;
945,Barbara,Lee;;;
946,Harry,Carr;;;
947,Justin,Ortiz;;;
948,Eugene,Armstrong;;;
949,Douglas,Brown;;;
950,Jeffrey,Baker;;;
951,Adam,Montgomery;;;
952,Keith,George;;;
953,Michael,Schmidt;;;
954,Ralph,Knight;;;
955,Kathleen,Kelley;;;
956,Fred,Sanchez;;;
957,Kathleen,Willis;;;
958,Diana,Davis;;;
959,Jesse,Schmidt;;;
960,Kevin,Hayes;;;
961,Shirley,Anderson;;;
962,Margaret,Henry;;;
963,Wanda,Rice;;;
964,Gregory,Bennett;;;
965,Jacqueline,Chavez;;;
966,Aaron,Bailey;;;
967,Mary,Palmer;;;
968,Stephanie,Bryant;;;
969,Judy,Robinson;;;
970,Catherine,Lawrence;;;
971,Philip,Murphy;;;
972,Andrea,Rose;;;
973,Jeremy,Ross;;;
974,Gary,Kelly;;;
975,Linda,Ramos;;;
976,Brenda,Hart;;;
977,Alice,Wagner;;;
978,Carolyn,Miller;;;
979,Steven,Peterson;;;
980,Annie,Bryant;;;
981,Susan,Day;;;
982,Amy,Anderson;;;
983,James,Morales;;;
984,James,Torres;;;
985,Douglas,Kennedy;;;
986,Mark,Carr;;;
987,Carl,Patterson;;;
988,Julie,Harrison;;;
989,Chris,Williams;;;
990,Lois,Diaz;;;
991,Amanda,Duncan;;;
992,Joan,Gonzales;;;
993,Janet,Carr;;;
994,Jerry,Johnson;;;
995,Kathy,Taylor;;;
996,Lois,Mason;;;
997,Paula,Payne;;;
998,Howard,Gray;;;
999,Henry,Hughes;;;
1000,Phillip,Murphy;;;
